Workbook

Sheet Sort
A1: id | B1: name | C1: family | D1: lexicon v10 status | E1: assistant call | F1: adoption guess (current, relevant firms) | G1: TRL point (assistant) | H1: TRL low | I1: TRL high | J1: confidence | K1: evidence / reasoning (assistant) | L1: Kevin: confirm? (Y/N) | M1: Kevin: your call | N1: Kevin: notes
A2: warehouse_robotics | B2: Warehouse robotics | C2: automation | D2: active | E2: in-practice | F2: 30-40% | G2: 9 | H2: 9 | I2: 9 | J2: H | K2: AMRs/AS-RS in commercial use at Amazon, DHL, GXO, Walmart since ~2015. MHI 2026: robotics & automation adoption 2nd behind AI; 73% expect within 5 yrs. | L2: Y
A3: piece_picking | B3: Piece-picking robotics | C3: automation | D3: active | E3: pre-practice | F3: <10% | G3: 8 | H3: 7 | I3: 8 | J3: M | K3: Commercial at a few sites (Amazon Sparrow, RightHand, Covariant/Amazon); most DCs still hand-pick. Operational but not diffused. | L3: Y
A4: humanoid_logistics | B4: General-purpose and humanoid robots in logistics | C4: automation | D4: active | E4: pre-practice | F4: <1% | G4: 6 | H4: 5 | I4: 6 | J4: H | K4: Pilots only (Agility Digit at GXO, Figure at BMW). Kevin's own AI-platform note: 'very hot narrative, early operational reality'. | L4: Y
A5: autonomous_yard | B5: Autonomous yard trucks | C5: automation | D5: active | E5: pre-practice | F5: <2% | G5: 7 | H5: 6 | I5: 7 | J5: M | K5: Outrider, Fernride at a handful of yards; no scaled rollouts. | L5: Y
A6: port_automation | B6: Port and terminal automation | C6: automation | D6: active | E6: in-practice (borderline) | F6: US low / global high | G6: 9 | H6: 9 | I6: 9 | J6: M | K6: Proven since Rotterdam ECT 1993; US adoption blocked by labor agreements (LBCT, TraPac only). Technology in-practice; US adoption pre-15%. Decide by denominator. | L6: Y
A7: sidewalk_delivery_robots | B7: Last-mile delivery robots | C7: automation | D7: active | E7: pre-practice | F7: <1% | G7: 7 | H7: 7 | I7: 8 | J7: H | K7: Starship campuses, Serve/Uber Eats LA. Commercial but tiny share. | L7: Y
A8: delivery_drones | B8: Delivery drones | C8: automation | D8: active | E8: pre-practice | F8: <1% | G8: 7 | H8: 7 | I8: 8 | J8: H | K8: Zipline, Wing, Amazon MK30 operating; FAA BVLOS rule still the gate. | L8: Y
A9: robotic_manufacturing | B9: Robotic manufacturing cells | C9: automation | D9: active | E9: in-practice | F9: >50% (discrete mfg) | G9: 9 | H9: 9 | I9: 9 | J9: H | K9: Industrial robots since 1980s; ~5.5M installed globally (Deloitte, per Kevin's note). Not a pre-practice item. | L9: Y
A10: autonomous_trucking | B10: Autonomous trucking | C10: vehicles | D10: active | E10: pre-practice | F10: <1% | G10: 7 | H10: 6 | I10: 7 | J10: H | K10: Aurora driverless runs in Texas 2025; Kodiak. Demonstrated in operating environment, not commercial scale. | L10: Y
A11: electric_trucks | B11: Electric heavy-duty trucks | C11: vehicles | D11: active | E11: pre-practice | F11: <3% of Class 8 sales | G11: 8 | H11: 8 | I11: 9 | J11: H | K11: Proven vehicles (Tesla Semi, Volvo VNR, Freightliner eCascadia) but adoption tiny; CA drayage the only pocket. | L11: Y
A12: hydrogen_trucks | B12: Hydrogen fuel cell trucks | C12: vehicles | D12: active | E12: pre-practice | F12: <0.1% | G12: 6 | H12: 6 | I12: 7 | J12: H | K12: Nikola bankrupt 2025; Hyundai Xcient small fleets. Demonstrator stage. | L12: Y
A13: freight_charging | B13: Freight EV charging infrastructure | C13: vehicles | D13: active | E13: pre-practice | F13: <2% | G13: 7 | H13: 7 | I13: 8 | J13: M | K13: Corridor pilots (WattEV, Greenlane, TeraWatt). Infrastructure, co-moves with electric_trucks; consider merging. | L13: Y
... A45: nearshoring_analytics | B45: Nearshoring and network redesign | C45: networks | D45: retired | E45: retire | F45: n/a | G45: 9 | H45: 9 | I45: 9 | J45: H | K45: A strategy, not a technology; network design software (Llamasoft/Coupa) is mature. Retire. | L45: Y
A46: rail_intermodal_tech | B46: Rail intermodal technology | C46: networks | D46: active | E46: retire / redefine | F46: n/a | J46: L | K46: Too vague to place. Redefine as specific items (e.g., autonomous rail cars: Parallel Systems, pre-practice) or retire. | L46: Y | M46: retire
A47: positive_train_control | B47: Positive train control | C47: networks | D47: active | E47: in-practice | F47: 100% mandated | G47: 9 | H47: 9 | I47: 9 | J47: H | K47: Federally mandated, complete Dec 2020. Retire. | L47: Y
A48: inland_ports | B48: Inland ports | C48: networks | D48: active | E48: retire | F48: n/a | G48: 9 | H48: 9 | I48: 9 | J48: H | K48: Infrastructure category, not a technology. Retire. | L48: Y
A49: private_5g_warehouse | B49: Private wireless and indoor positioning | C49: networks | D49: active | E49: pre-practice | F49: <10% | G49: 8 | H49: 7 | I49: 8 | J49: M | K49: Private 5G/CBRS deployments at some DCs and ports; UWB positioning niche. Spreading, not diffused. | L49: Y
A50: quantum_logistics | B50: Quantum optimization for logistics | C50: networks | D50: active | E50: pre-practice | F50: ~0% | G50: 3 | H50: 2 | I50: 4 | J50: H | K50: Research and vendor demos (D-Wave/Volkswagen, Pasqal). Lab stage. | L50: Y
A51: green_logistics | B51: Freight decarbonization | C51: networks | D51: active | E51: retire / split | F51: n/a | J51: H | K51: Umbrella, not a technology; its parts (electric trucks, SAF, hydrogen) are already items. Retire umbrella. | L51: Y | M51: retire
A52: infrastructure_security | B52: Critical infrastructure and OT security | C52: networks | D52: retired | E52: in-practice | F52: high (regulated) | G52: 9 | H52: 9 | I52: 9 | J52: H | K52: Mature market (Claroty, Dragos, NERC CIP). Not supply chain-specific. Retire. | L52: Y

Sheet Summary
A1: Assistant call | B1: count | C1: Kevin confirmed Y | D1: Kevin confirmed N
A2: in-practice | B2: =COUNTIF(Sort!$E$2:$E$52,A2) -> 18 | C2: =COUNTIFS(Sort!$E$2:$E$52,A2,Sort!$L$2:$L$52,"Y") -> 18 | D2: =COUNTIFS(Sort!$E$2:$E$52,A2,Sort!$L$2:$L$52,"N") -> 0
A3: in-practice (borderline) | B3: =COUNTIF(Sort!$E$2:$E$52,A3) -> 2 | C3: =COUNTIFS(Sort!$E$2:$E$52,A3,Sort!$L$2:$L$52,"Y") -> 2 | D3: =COUNTIFS(Sort!$E$2:$E$52,A3,Sort!$L$2:$L$52,"N") -> 0
A4: in-practice (stalled) | B4: =COUNTIF(Sort!$E$2:$E$52,A4) -> 1 | C4: =COUNTIFS(Sort!$E$2:$E$52,A4,Sort!$L$2:$L$52,"Y") -> 1 | D4: =COUNTIFS(Sort!$E$2:$E$52,A4,Sort!$L$2:$L$52,"N") -> 0
A5: pre-practice | B5: =COUNTIF(Sort!$E$2:$E$52,A5) -> 20 | C5: =COUNTIFS(Sort!$E$2:$E$52,A5,Sort!$L$2:$L$52,"Y") -> 20 | D5: =COUNTIFS(Sort!$E$2:$E$52,A5,Sort!$L$2:$L$52,"N") -> 0
A6: pre-practice (borderline) | B6: =COUNTIF(Sort!$E$2:$E$52,A6) -> 4 | C6: =COUNTIFS(Sort!$E$2:$E$52,A6,Sort!$L$2:$L$52,"Y") -> 4 | D6: =COUNTIFS(Sort!$E$2:$E$52,A6,Sort!$L$2:$L$52,"N") -> 0
A7: split | B7: =COUNTIF(Sort!$E$2:$E$52,A7) -> 1 | C7: =COUNTIFS(Sort!$E$2:$E$52,A7,Sort!$L$2:$L$52,"Y") -> 1 | D7: =COUNTIFS(Sort!$E$2:$E$52,A7,Sort!$L$2:$L$52,"N") -> 0
A8: retire | B8: =COUNTIF(Sort!$E$2:$E$52,A8) -> 3 | C8: =COUNTIFS(Sort!$E$2:$E$52,A8,Sort!$L$2:$L$52,"Y") -> 3 | D8: =COUNTIFS(Sort!$E$2:$E$52,A8,Sort!$L$2:$L$52,"N") -> 0
A9: retire / redefine | B9: =COUNTIF(Sort!$E$2:$E$52,A9) -> 1 | C9: =COUNTIFS(Sort!$E$2:$E$52,A9,Sort!$L$2:$L$52,"Y") -> 1 | D9: =COUNTIFS(Sort!$E$2:$E$52,A9,Sort!$L$2:$L$52,"N") -> 0
A10: retire / split | B10: =COUNTIF(Sort!$E$2:$E$52,A10) -> 1 | C10: =COUNTIFS(Sort!$E$2:$E$52,A10,Sort!$L$2:$L$52,"Y") -> 1 | D10: =COUNTIFS(Sort!$E$2:$E$52,A10,Sort!$L$2:$L$52,"N") -> 0
A11: total | B11: =SUM(B2:B10) -> 51
A13: Legend
A14: Yellow cells on the Sort sheet are yours: L = confirm the assistant call (Y/N/?), M = your call if different, N = notes.
A15: Every other cell is the assistant's guess as of 2026-09-23, from general knowledge, not from the observatory database. Evidence column says why.
A16: Proposed screen: pre-practice = best-evidenced TRL <= 8 OR current adoption below ~15% of relevant firms. Both borderline categories need your ruling on the denominator.
